<?xml version="1.0" encoding="UTF-8"?>

<Configuration status="WARN" monitorInterval="30">

<Appenders>

<Console name="Console" target="SYSTEM_OUT">

<PatternLayout pattern="%-5level %logger{36} – %msg%n" />

</Console>

</Appenders>

<!-- Default config – log all messages to stdout -->

<Loggers>

<Root level="all">

<AppenderRef ref="Console" />

</Root>

<!-- Spring related logging -->

<Logger name="org.springframework" level="all" additivity="false">

<AppenderRef ref="Console" />

</Logger>

<!-- Persistence related logging -->

<Logger name="org.eclipse.persistence" level="all"

additivity="false">

<AppenderRef ref="Console" />

</Logger>

<!-- PPS related logging -->

<Logger name="com.sap.ppengine" level="all" additivity="false">

<AppenderRef ref="Console" />

</Logger>

<!-- Server-side request content logging -->

<Logger name="com.sap.ppengine.web.filter.RequestToSlf4JLogger" level="all" additivity="false">

<AppenderRef ref="Console" />

</Logger>

<!-- Runtime measurements -->

<Logger name="com.sap.ppengine.core.util.impl.ThreadLocalTimer" level="all" additivity="false">

<AppenderRef ref="Console" />

</Logger>

 

</Loggers>

</Configuration>

 